{
  "runs": [
    {
      "label": "Hourly",
      "granularity_min": 60,
      "n_test": 853,
      "single": {
        "LSTM": {
          "mae": 5.6284359780808915,
          "mse": 77.27301738994629,
          "rmse": 8.790507231664524,
          "r2": 0.8805437826795732,
          "mape": 7.615892482610647
        },
        "GRU": {
          "mae": 4.468447828319905,
          "mse": 44.113784072564194,
          "rmse": 6.641820840143477,
          "r2": 0.9318045812756857,
          "mape": 7.266009260336848
        },
        "LSTMCNN": {
          "mae": 5.528991529713717,
          "mse": 64.41435937145735,
          "rmse": 8.025855678459298,
          "r2": 0.9004219587698667,
          "mape": 8.283494129701225
        },
        "GRUCNN": {
          "mae": 6.361598405169988,
          "mse": 76.12204606377806,
          "rmse": 8.724794900957733,
          "r2": 0.8823230671635026,
          "mape": 9.161954273419953
        }
      },
      "best_single_name": "GRU",
      "best_single": {
        "mae": 4.468447828319905,
        "mse": 44.113784072564194,
        "rmse": 6.641820840143477,
        "r2": 0.9318045812756857,
        "mape": 7.266009260336848
      },
      "method1_best": {
        "combo": "LSTM&GRU",
        "mae": 4.698426820040237,
        "mse": 48.79504684115044,
        "rmse": 6.9853451483194755,
        "r2": 0.9248029497321657,
        "mape": 7.242559673178393
      },
      "method2_best": {
        "combo": "GRU&LSTMCNN",
        "mae": 4.600360540401052,
        "mse": 43.21941627103158,
        "rmse": 6.574147569915934,
        "r2": 0.9333954401466337,
        "mape": 7.3924541382057605
      }
    },
    {
      "label": "15-min",
      "granularity_min": 15,
      "n_test": 3481,
      "single": {
        "LSTM": {
          "mae": 1.5709005943941396,
          "mse": 8.818130810247204,
          "rmse": 2.969533769844553,
          "r2": 0.9861682814039346,
          "mape": 3.206352055716163
        },
        "GRU": {
          "mae": 0.585121595634562,
          "mse": 0.5885858101612601,
          "rmse": 0.7671934633202111,
          "r2": 0.9990767710900447,
          "mape": 1.1214857292594134
        },
        "LSTMCNN": {
          "mae": 2.312687873642632,
          "mse": 13.48922515771652,
          "rmse": 3.672768051172919,
          "r2": 0.9788414154342456,
          "mape": 9.543378468702452
        },
        "GRUCNN": {
          "mae": 4.027455128368286,
          "mse": 35.00938406358114,
          "rmse": 5.916872828072371,
          "r2": 0.9450858737515764,
          "mape": 9.904517968499912
        }
      },
      "best_single_name": "GRU",
      "best_single": {
        "mae": 0.585121595634562,
        "mse": 0.5885858101612601,
        "rmse": 0.7671934633202111,
        "r2": 0.9990767710900447,
        "mape": 1.1214857292594134
      },
      "method1_best": {
        "combo": "LSTM&GRU",
        "mae": 0.5832546649409538,
        "mse": 0.5971037110724315,
        "rmse": 0.7727248611714467,
        "r2": 0.9990651438479772,
        "mape": 1.1243242147742487
      },
      "method2_best": {
        "combo": "LSTM&GRU",
        "mae": 0.5641795701467702,
        "mse": 0.5878388688674931,
        "rmse": 0.7667065076465004,
        "r2": 0.9990796493594523,
        "mape": 1.149501485228112
      }
    }
  ],
  "paper": {
    "data": "Ningxia, China \u2014 129.1 MW wind farm",
    "granularity_min": 15,
    "n_features": 9,
    "single_best": {
      "name": "GRUCNN",
      "MAE": 2.5423,
      "RMSE": 4.5663,
      "R2": 0.8895,
      "MAPE": null
    },
    "method1_best": {
      "combo": "LSTM&GRU&LSTMCNN",
      "MAE": 2.4353,
      "RMSE": 4.3569,
      "R2": 0.8995,
      "MAPE": null
    },
    "method2_best": {
      "combo": "LSTM&GRU&LSTMCNN&GRUCNN",
      "MAE": 2.3874,
      "RMSE": 4.3298,
      "R2": 0.9008,
      "MAPE": null
    }
  }
}