{
  "source": "36565_23.03_72.56_2014_cc6ea7f2b4966ba2f914d889439754cc.csv",
  "n_rows": 8760,
  "time_granularity_minutes": 60,
  "wind_speed_80m": {
    "mean": 5.452231735159818,
    "std": 2.6575291020306677,
    "min": 0.04,
    "q25": 3.37,
    "median": 5.3149999999999995,
    "q75": 7.34,
    "q95": 10.080499999999994,
    "max": 14.96,
    "acf_1": 0.8997038861754534,
    "acf_24": 0.6644128435168173,
    "acf_168": 0.4629867338441947
  },
  "wind_power_kw": {
    "mean": 896.101479633275,
    "std": 1087.780439668355,
    "min": 0.0,
    "q25": 122.94445301448958,
    "median": 482.6007574864229,
    "q75": 1278.812993872504,
    "q95": 3352.9496002883907,
    "max": 5000.0,
    "acf_1": 0.883158108672496,
    "acf_24": 0.6482384569230106,
    "acf_168": 0.4271692282969061
  },
  "below_cutin_pct": 20.71917808219178,
  "above_rated_pct": 0.9703196347031963,
  "above_cutout_pct": 0.0,
  "capacity_factor_pct": 17.9220295926655,
  "target_std_over_mean": 1.2139031843955037,
  "target_zero_pct": 20.71917808219178,
  "target_rated_pct": 1.0159817351598175,
  "wind_dir_shear_deg_mean": 2.162575342465753,
  "temperature_80m": {
    "mean": 27.461842465753424,
    "std": 5.43194530999132,
    "min": 11.14,
    "max": 42.99
  },
  "pressure_100m_Pa_mean": 98868.96461187214
}